Outcome,
0.471388127,V1
0.468444165,V7
0.340910318,V10
-0.299314987,V4
-0.277156126,V5
-0.214770084,V8
-0.190320751,V9
0.129970866,V2
0.034338497,V6
-0.015467544,V3
